BeritaSatu,https://b1world.beritasatumedia.com/Beritasatu/B1World_manifest.m3u8
CNBC,https://live.cnbcindonesia.com/livecnbc/smil:cnbctv.smil/playlist.m3u8
CNN,https://live.cnnindonesia.com/livecnn/smil:cnntv.smil/playlist.m3u8
DianzhangFinanceChannel,http://cclive2.aniu.tv/live/anzb.m3u8
HebiNewsChannel,http://pili-live-hls.hebitv.com/hebi/hebi.m3u8
JJBC,http://visit.jjbctv.com:1935/live/xwzhpc/playlist.m3u8
AmericasVoice,https://content.uplynk.com/channel/26bd482ffe364a1282bc3df28bd3c21f.m3u8
Metro,http://edge.metrotvnews.com:1935/live-edge/smil:metro.smil/chunklist_w729456687_b1492000_sleng.m3u8
Trans,https://video.detik.com/transtv/smil:transtv.smil/playlist.m3u8
Trans7,https://video.detik.com/trans7/smil:trans7.smil/playlist.m3u8
Indosiar,http://210.210.155.37/qwr9ew/s/s04/index.m3u8
NET,http://210.210.155.37/qwr9ew/s/s08/index.m3u8
SCTV,http://210.210.155.37/qwr9ew/s/s03/index.m3u8
Aniplus,http://210.210.155.37/dr9445/h/h02/index.m3u8
Toonmax,http://45.126.83.51/qwr9ew/s/s50/01.m3u8
Afarin,https://5ab29cc78f681.streamlock.net/afarinTV/livestream/playlist.m3u8
Kidoodle,https://kidoodletv-kdtv-1-ca.samsung.wurl.tv/playlist.m3u8
KidsFlix,https://stream-us-east-1.getpublica.com/playlist.m3u8?network_id=50
Toonami,http://api.toonamiaftermath.com:3000/est/playlist.m3u8
Pluto,"https://service-stitcher.clusters.pluto.tv/v1/stitch/embed/hls/channel/5c363ac9e41be30cb6054c7c/master.m3u8?advertisingId=channel&appName=rokuchannel&appVersion=1.0&bmodel=bm1&channel_id=channel&content=channel&content_rating=ROKU_ADS_CONTENT_RATING&content_type=livefeed&coppa=false&deviceDNT=1&deviceId=channel&deviceMake=rokuChannel&deviceModel=web&deviceType=rokuChannel&deviceVersion=1.0&embedPartner=rokuChannel&genre=ROKU_ADS_CONTENT_GENRE&is_lat=1&platform=web&rdid=channel&studio_id=viacom&tags=ROKU_CONTENT_TAGS"
CCTV4,http://210.210.155.35/qwr9ew/s/s19/01.m3u8
CGTN,https://news.cgtn.com/resource/live/english/cgtn-news.m3u8
Indonesia,https://cdn3.wowza.com/1/NEtzTTZ4c1FTTUN2/SkJBbVJs/hls/live/playlist.m3u8
SEAToday,https://cdn-telkomsel-01.akamaized.net/Content/DASH/Live/channel(9ce3f094-4044-467e-84b7-b684a49571d5)/manifest.mpd
TRTWorld,https://tv-trtworld.live.trt.com.tr/master_480.m3u8
RedBull,https://rbmn-live.akamaized.net/hls/live/590964/BoRB-AT/master_1660.m3u8
Qinghai,http://39.134.115.163:8080/PLTV/88888910/224/3221225727/index.m3u8
Baywatch,https://service-stitcher.clusters.pluto.tv/stitch/hls/channel/5d815eb889bca2ce7b746fdd/master.m3u8?advertisingId=&appName=web&appStoreUrl=&appVersion=DNT&app_name=&architecture=&buildVersion=&deviceDNT=0&deviceId=5d815eb889bca2ce7b746fdd&deviceLat=&deviceLon=&deviceMake=web&deviceModel=web&deviceType=web&deviceVersion=DNT&includeExtendedEvents=false&marketingRegion=US&serverSideAds=false&sid=142&terminate=false&userId=
AMC,https://bcovlive-a.akamaihd.net/b3ed62003de946c896f4f541b908376e/us-east-1/6240731308001/playlist.m3u8
ScreamFactory,https://shoutfactory-screamfactorytv-1-us.ono.wurl.tv/playlist.m3u8
Gravitas,https://dai.google.com/linear/hls/event/EpqgwRlpQKq73ySVSohJWA/master.m3u8
Sundance,https://bcovlive-a.akamaihd.net/4d972ec6f41241f2b4286f8bdcc8dae9/us-east-1/6240731308001/playlist.m3u8
Thrill,http://210.210.155.37/qwr9ew/s/s34/index.m3u8
Hollywood,https://cdn-apse1-prod.tsv2.amagi.tv/linear/amg01076-lightningintern-actionhollywood-samsungnz/playlist.m3u8
9XM,http://d2q8p4pe5spbak.cloudfront.net/bpk-tv/9XM/9XM.isml/index.m3u8
K+,http://210.210.155.37/uq2663/h/h08/index.m3u8
MCN6,https://d18fcxaqfnwjhj.cloudfront.net/CDN_Ingest/MCN6_MUSIC.smil/Playlist.m3u8
Stingray,https://ott-linear-channels.stingray.com/v1/master/734895816ccb1e836f8c1e81f772244d9be0077c/104/master.m3u8
STIRR,https://ott-linear-channels.stingray.com/hls/stirr/104.m3u8
ToonamiRadio,http://api.toonamiaftermath.com:3000/radio/playlist.m3u8
TVN,http://210.210.155.37/dr9445/h/h21/index.m3u8
TVNAsia,http://210.210.155.37/dr9445/h/h20/index.m3u8
AFV,https://dai.google.com/linear/hls/event/18_lZXPySFa5_GRVEbOX_A/master.m3u8
Actionable,https://stitcheraws.unreel.me/wse-node02.powr.com/live/5c7e25a1932c8368bdbfd87d/playlist.m3u8
Antiques,https://service-stitcher.clusters.pluto.tv/stitch/hls/channel/5ce44810b421747ae467b7cd/master.m3u8?advertisingId=&appName=web&appStoreUrl=&appVersion=DNT&app_name=&architecture=&buildVersion=&deviceDNT=0&deviceId=5ce44810b421747ae467b7cd&deviceLat=&deviceLon=&deviceMake=web&deviceModel=web&deviceType=web&deviceVersion=DNT&includeExtendedEvents=false&marketingRegion=US&serverSideAds=false&sid=621&terminate=false&userId=
CelestialMovies,http://210.210.155.37/dr9445/h/h14/index.m3u8
CelestialClassic,http://210.210.155.37/qwr9ew/s/s31/index.m3u8
AmericasVoice,https://content.uplynk.com/channel/26bd482ffe364a1282bc3df28bd3c21f.m3u8
Tongzhou,http://pull.dayuntongzhou.com/live/tztv.m3u8
Tonghua,http://stream2.jlntv.cn/tonghua1/sd/live.m3u8
Wuhun,http://live1.wuhubtv.com/channel4/sd/live.m3u8
DogNews,https://video.blivenyc.com/broadcast/prod/2061/22/desktop-playlist.m3u8
21,http://ott-cdn.ucom.am/s10/index.m3u8
Luanxian,http://hblxx.chinashadt.com:2036/live/stream:lx2.stream/playlist.m3u8
LuanxianMovies,http://hblxx.chinashadt.com:2036/live/stream:lx1.stream/playlist.m3u8
51Radio,http://wms.shared.streamshow.it/canale51/canale51/playlist.m3u8
88Stereo,http://k3.usastreams.com/CableLatino/88stereo/playlist.m3u8
Athavan,http://45.77.66.224:1935/athavantv/live/playlist.m3u8
ABC,https://content.uplynk.com/channel/3324f2467c414329b3b0cc5cd987b6be.m3u8
Planet2,http://46.99.146.236/0.m3u8
Primal,https://adultswim-vodlive.cdn.turner.com/live/daily_animated_1/stream.m3u8
AlbKanale,https://albportal.net/albkanalemusic.m3u8
Alfa,https://dev.aftermind.xyz/edge-hls/unitrust/alfasports/index.m3u8?token=8TXWzhY3h6jrzqEqu
MusicReload,http://web.onair-radio.eu:1935/video/video/chunklist.m3u8
MusicTopSmall,http://live-edge01.telecentro.net.ar/live/smil:musictop.smil/chunklist_w538311571_b364000_sleng.m3u8
MusicTop,http://live-edge01.telecentro.net.ar/live/msctphd-720/playlist.m3u8
NHKWorld,https://nhkwlive-ojp.akamaized.net/hls/live/2003459/nhkwlive-ojp-en/index_4M.m3u8
MacaoLotus,https://p.ggiptv.com/v/macaulotustv.php
Macao3,http://61.244.22.4/ch3/ch3.live/playelist.m3u8
Macau,http://61.244.22.4/ch2/ch2.live/chunklist_w1022440308.m3u8?WithCaption
GoodDoctor,https://dqhxk7sbp7xog.cloudfront.net/hls-live/goodtv/_definst_/liveevent/live-ch9-2.m3u8
GoodDoctor1,https://dqhxk7sbp7xog.cloudfront.net/hls-live/goodtv/_definst_/liveevent/live-ch42-2.m3u8
Ayali,https://live.mastvnet.com/lsdream/lY44pmm/2000/live.m3u8?WithCaption
DaaiSport,https://pulltv1.wanfudaluye.com/live/tv1.m3u8
Daai2,https://pulltv1.wanfudaluye.com/live/tv2.m3u8
Dali,http://www.dalitv.com.tw:4568/live/dali/index.m3u8?checkedby:iptvcat.com
CTTVAmerica,http://38.64.72.148:80/hls/modn/list/2015/chunklist0.m3u8
IZRU,http://hls-igi.cdnvideo.ru/igi/igi_hq/playlist.m3u8
brics,http://brics.bonus-tv.ru/cdn/brics/chinese/tracks-v1a1/index.m3u8
xiangao,https://dqhxk7sbp7xog.cloudfront.net/hls-live/goodtv/_definst_/liveevent/live-ch20-2.m3u8
xianggang,http://61.216.67.119:1935/TWHG/E1/chunklist_w7058102.m3u8
FuziMusic,https://dqhxk7sbp7xog.cloudfront.net/hls-live/goodtv/_definst_/liveevent/live-ch31-2.m3u8
GoodTV,https://dqhxk7sbp7xog.cloudfront.net/hls-live/goodtv/_definst_/liveevent/live-ch18-2.m3u8
KorselMovies1,https://stream.ads.ottera.tv/playlist.m3u8?network_id=595
KorselMovies2,https://stream.ads.ottera.tv/playlist.m3u8?network_id=743
KorselMovies3,https://stream.ads.ottera.tv/playlist.m3u8?network_id=742
KTV,http://live.kytv.co.kr:8080/hls/stream.m3u8
KorChnHero,http://119.77.96.184:1935/chn21/chn21/playlist.m3u8
HanSeries,https://stream.ads.ottera.tv/playlist.m3u8?network_id=622
GenieTVGuide,https://wms211-kortv.akamaized.net/a_live/34402987/smil:20ch211.smil/chunklist_b2500000.m3u8
GoodTVCartoon,https://dqhxk7sbp7xog.cloudfront.net/hls-live/goodtv/_definst_/liveevent/live-ch1-2.m3u8
Lotus,http://live.cooltv.top/tv/lotus.php
Liusan,https://dqhxk7sbp7xog.cloudfront.net/hls-live/goodtv/_definst_/liveevent/live-ch24-2.m3u8
Sino,https://cdnts.sinovision.net/livestream.m3u8
Bread,https://video.bread-tv.com:8091/hls-live24/online/index.m3u8
RNA,http://5ddfc48289114.streamlock.net/CHsoom/LIVE/playist.m3u8
Ciguang,https://live.ciguang.tv/live/hdtv.m3u8?auth_key=5216465889-0-0-701a98b03302233fc07fa2ee9e85d39b
WXTV,http://mobile.ccdntech.com/transcoder/_definst_/vod164_Live/live/chunklist_w1177047531.m3u8
BuddhaHK,https://js1.amtb.cn/liveedge/_definst_/livetv/playlist.m3u8
HKMusic,https://myun-hw-s3.myun.tv/melj80jz/lxx27bol/1551285536499984128.m3u8
CNA,https://d2e1asnsl7br7b.cloudfront.net/7782e205e72f43aeb4a48ec97f66ebbe/index.m3u8
Xingguang,http://hpull.kktv8.com/livekktv/128600025/playlist.m3u8
KoreanMusic-2,http://epg.112114.xyz/douyu/603070
TWNews-1,https://api.leonardpark.dev/live/icable/109
TWNews-2,https://api.leonardpark.dev/live/icable/110
GoodTVTalkshow,https://dqhxk7sbp7xog.cloudfront.net/hls-live/goodtv/_definst_/liveevent/live-ch40-2.m3u8